run_id,env,backend,repeat,status,base_config,num_workers,batch_size,world_size,profile_warmup,profile_steps,iterations_per_epoch,dataset_size,rows_used,iter_mean_ms,iter_median_ms,iter_p95_ms,gpu_mean_ms,gpu_median_ms,primary_step_ms,data_fetch_ms,data_to_device_ms,profiler_step_wall_ms,epoch_estimate_min,fifty_epoch_estimate_h,run_dir
20260528_dino_wm_timing_maze_lance_r1,maze,swm_lance,r1,ok,,,,,30,300,360,759,300,230.850,230.807,233.508,218.803,218.666,230.850,0.196,11.690,230.850,2.920,2.434,/home/ps/Code/yqy/DINO-WM/jepawm_logs/20260528_dino_wm_timing_maze_lance_r1
20260528_dino_wm_timing_maze_lance_r2,maze,swm_lance,r2,ok,,,,,30,300,360,759,300,231.019,230.945,233.391,219.410,219.304,231.019,0.176,11.267,231.019,2.922,2.435,/home/ps/Code/yqy/DINO-WM/jepawm_logs/20260528_dino_wm_timing_maze_lance_r2
20260528_dino_wm_timing_maze_lance_r3,maze,swm_lance,r3,ok,,,,,30,300,360,759,300,231.580,231.653,234.561,219.637,219.589,231.580,0.178,11.595,231.580,2.929,2.441,/home/ps/Code/yqy/DINO-WM/jepawm_logs/20260528_dino_wm_timing_maze_lance_r3
20260528_dino_wm_timing_maze_raw_r1,maze,raw,r1,ok,,,,,30,300,360,759,300,837.162,238.173,4836.151,788.199,226.175,837.162,38.053,10.033,837.162,10.590,8.825,/home/ps/Code/yqy/DINO-WM/jepawm_logs/20260528_dino_wm_timing_maze_raw_r1
20260528_dino_wm_timing_maze_raw_r2,maze,raw,r2,ok,,,,,30,300,360,759,300,849.248,236.816,5663.808,812.493,225.727,849.248,26.346,9.566,849.248,10.743,8.952,/home/ps/Code/yqy/DINO-WM/jepawm_logs/20260528_dino_wm_timing_maze_raw_r2
20260528_dino_wm_timing_maze_raw_r3,maze,raw,r3,ok,,,,,30,300,360,759,300,859.137,238.600,4330.911,706.088,226.926,859.137,142.594,9.171,859.137,10.868,9.057,/home/ps/Code/yqy/DINO-WM/jepawm_logs/20260528_dino_wm_timing_maze_raw_r3
20260528_dino_wm_timing_mw_lance_r1,mw,swm_lance,r1,ok,,,,,30,300,360,4725,300,237.016,237.421,240.179,225.334,225.655,237.016,0.237,11.250,237.016,18.665,15.554,/home/ps/Code/yqy/DINO-WM/jepawm_logs/20260528_dino_wm_timing_mw_lance_r1
20260528_dino_wm_timing_mw_lance_r2,mw,swm_lance,r2,ok,,,,,30,300,360,4725,300,236.648,236.603,240.575,225.234,225.089,236.648,0.224,10.989,236.648,18.636,15.530,/home/ps/Code/yqy/DINO-WM/jepawm_logs/20260528_dino_wm_timing_mw_lance_r2
20260528_dino_wm_timing_mw_lance_r3,mw,swm_lance,r3,ok,,,,,30,300,360,4725,300,236.634,236.507,240.940,225.493,225.184,236.634,0.230,10.710,236.634,18.635,15.529,/home/ps/Code/yqy/DINO-WM/jepawm_logs/20260528_dino_wm_timing_mw_lance_r3
20260528_dino_wm_timing_mw_raw_r1,mw,raw,r1,ok,,,,,30,300,360,4725,300,842.775,245.478,3446.100,799.073,235.519,842.775,35.421,7.492,842.775,66.369,55.307,/home/ps/Code/yqy/DINO-WM/jepawm_logs/20260528_dino_wm_timing_mw_raw_r1
20260528_dino_wm_timing_mw_raw_r2,mw,raw,r2,ok,,,,,30,300,360,4725,300,824.063,242.813,4658.047,375.861,231.673,824.063,424.134,8.604,824.063,64.895,54.079,/home/ps/Code/yqy/DINO-WM/jepawm_logs/20260528_dino_wm_timing_mw_raw_r2
20260528_dino_wm_timing_mw_raw_r3,mw,raw,r3,ok,,,,,30,300,360,4725,300,856.315,243.617,4374.662,810.706,232.411,856.315,35.170,9.356,856.315,67.435,56.196,/home/ps/Code/yqy/DINO-WM/jepawm_logs/20260528_dino_wm_timing_mw_raw_r3
20260528_dino_wm_timing_pusht_lance_r1,pusht,swm_lance,r1,ok,,,,,30,300,360,10321,300,230.651,230.641,233.136,218.857,218.763,230.651,0.194,11.433,230.651,39.676,33.063,/home/ps/Code/yqy/DINO-WM/jepawm_logs/20260528_dino_wm_timing_pusht_lance_r1
20260528_dino_wm_timing_pusht_lance_r2,pusht,swm_lance,r2,ok,,,,,30,300,360,10321,300,230.282,230.040,233.437,218.783,218.395,230.282,0.180,11.160,230.282,39.612,33.010,/home/ps/Code/yqy/DINO-WM/jepawm_logs/20260528_dino_wm_timing_pusht_lance_r2
20260528_dino_wm_timing_pusht_lance_r3,pusht,swm_lance,r3,ok,,,,,30,300,360,10321,300,229.729,229.719,232.204,218.236,218.160,229.729,0.212,11.105,229.729,39.517,32.931,/home/ps/Code/yqy/DINO-WM/jepawm_logs/20260528_dino_wm_timing_pusht_lance_r3
20260528_dino_wm_timing_pusht_raw_r1,pusht,raw,r1,ok,,,,,30,300,360,10321,300,1272.110,233.155,8275.403,662.904,222.719,1272.110,598.350,8.070,1272.110,218.824,182.353,/home/ps/Code/yqy/DINO-WM/jepawm_logs/20260528_dino_wm_timing_pusht_raw_r1
20260528_dino_wm_timing_pusht_raw_r2,pusht,raw,r2,ok,,,,,30,300,360,10321,300,1450.042,232.382,9079.561,869.457,221.516,1450.042,569.951,8.034,1450.042,249.431,207.859,/home/ps/Code/yqy/DINO-WM/jepawm_logs/20260528_dino_wm_timing_pusht_raw_r2
20260528_dino_wm_timing_pusht_raw_r3,pusht,raw,r3,ok,,,,,30,300,360,10321,300,1451.923,234.158,10176.900,1443.612,226.478,1451.923,0.320,7.289,1451.923,249.755,208.129,/home/ps/Code/yqy/DINO-WM/jepawm_logs/20260528_dino_wm_timing_pusht_raw_r3
20260528_dino_wm_timing_pusht_raw_r4,pusht,raw,r4,ok,,,,,30,300,360,10321,300,1278.473,232.856,7941.400,811.344,221.729,1278.473,458.289,8.546,1278.473,219.919,183.266,/home/ps/Code/yqy/DINO-WM/jepawm_logs/20260528_dino_wm_timing_pusht_raw_r4
20260528_dino_wm_timing_pusht_raw_r5,pusht,raw,r5,ok,,,,,30,300,360,10321,300,1469.711,233.867,8252.469,1461.010,224.357,1469.711,0.513,7.861,1469.711,252.815,210.679,/home/ps/Code/yqy/DINO-WM/jepawm_logs/20260528_dino_wm_timing_pusht_raw_r5
20260528_dino_wm_timing_wall_lance_r1,wall,swm_lance,r1,ok,,,,,30,300,360,279,300,235.552,230.164,233.357,221.298,218.117,235.552,2.502,11.585,235.552,1.095,0.913,/home/ps/Code/yqy/DINO-WM/jepawm_logs/20260528_dino_wm_timing_wall_lance_r1
20260528_dino_wm_timing_wall_lance_r2,wall,swm_lance,r2,ok,,,,,30,300,360,279,300,237.040,231.001,233.610,221.796,218.992,237.040,3.596,11.477,237.040,1.102,0.919,/home/ps/Code/yqy/DINO-WM/jepawm_logs/20260528_dino_wm_timing_wall_lance_r2
20260528_dino_wm_timing_wall_lance_r3,wall,swm_lance,r3,ok,,,,,30,300,360,279,300,235.017,230.426,233.116,219.456,218.308,235.017,3.694,11.697,235.017,1.093,0.911,/home/ps/Code/yqy/DINO-WM/jepawm_logs/20260528_dino_wm_timing_wall_lance_r3
20260528_dino_wm_timing_wall_raw_r1,wall,raw,r1,ok,,,,,30,300,360,279,300,303.498,262.542,278.723,269.581,249.115,303.498,21.662,11.142,303.498,1.411,1.176,/home/ps/Code/yqy/DINO-WM/jepawm_logs/20260528_dino_wm_timing_wall_raw_r1
20260528_dino_wm_timing_wall_raw_r2,wall,raw,r2,ok,,,,,30,300,360,279,300,310.359,262.879,295.655,269.747,248.821,310.359,27.627,11.757,310.359,1.443,1.203,/home/ps/Code/yqy/DINO-WM/jepawm_logs/20260528_dino_wm_timing_wall_raw_r2
20260528_dino_wm_timing_wall_raw_r3,wall,raw,r3,ok,,,,,30,300,360,279,300,307.315,263.039,437.289,275.240,249.288,307.315,19.156,11.762,307.315,1.429,1.191,/home/ps/Code/yqy/DINO-WM/jepawm_logs/20260528_dino_wm_timing_wall_raw_r3
