task,model,horizon,n,skill_mean,skill_std,change_skill_mean,change_skill_std,proprio_skill_mean,proprio_skill_std,param_count_mean,train_step_time_ms_mean,mamba_backend,seeds
METAWORLD_HF:mw-reach-wall,AdaLN,1,1,0.37119633618504044,0.0,0.6478874758090263,0.0,0.9540183398352687,0.0,344680,302.4738639759991,,1
METAWORLD_HF:mw-reach-wall,AdaLN,2,1,0.5996397407776792,0.0,0.7830434174363571,0.0,0.9591287582488398,0.0,344680,302.4738639759991,,1
METAWORLD_HF:mw-reach-wall,AdaLN,3,1,0.677862985689478,0.0,0.8282246880700409,0.0,0.9562658615062696,0.0,344680,302.4738639759991,,1
METAWORLD_HF:mw-reach-wall,AdaLN,4,1,0.7141467421104901,0.0,0.8479528671581185,0.0,0.9537869645061721,0.0,344680,302.4738639759991,,1
METAWORLD_HF:mw-reach-wall,AdaLN,5,1,0.7340105677366509,0.0,0.8573416975443966,0.0,0.9521266861767694,0.0,344680,302.4738639759991,,1
METAWORLD_HF:mw-reach-wall,AdaLN,6,1,0.7435795209300464,0.0,0.8609836759818001,0.0,0.9507656432504006,0.0,344680,302.4738639759991,,1
METAWORLD_HF:mw-reach-wall,mgvt_convmixer,1,1,0.13524824877751818,0.0,0.5024143068722426,0.0,0.5617528894161434,0.0,337469,95.36834347000016,,1
METAWORLD_HF:mw-reach-wall,mgvt_convmixer,2,1,0.4286165222092049,0.0,0.6578361797808285,0.0,0.6335380793343124,0.0,337469,95.36834347000016,,1
METAWORLD_HF:mw-reach-wall,mgvt_convmixer,3,1,0.5165322687714567,0.0,0.7061123230005071,0.0,0.6519691857282931,0.0,337469,95.36834347000016,,1
METAWORLD_HF:mw-reach-wall,mgvt_convmixer,4,1,0.5608506037517622,0.0,0.7278693812710868,0.0,0.6600965658949054,0.0,337469,95.36834347000016,,1
METAWORLD_HF:mw-reach-wall,mgvt_convmixer,5,1,0.5814427498768278,0.0,0.7366962636881477,0.0,0.6601031515893534,0.0,337469,95.36834347000016,,1
METAWORLD_HF:mw-reach-wall,mgvt_convmixer,6,1,0.5917528355702073,0.0,0.7411391978025793,0.0,0.656381871387385,0.0,337469,95.36834347000016,,1
METAWORLD_HF:mw-reach-wall,mgvt_mamba,1,1,0.17493626951403085,0.0,0.5159483923133273,0.0,0.6219716754726572,0.0,363176,112.18005645299996,mamba_ssm,1
METAWORLD_HF:mw-reach-wall,mgvt_mamba,2,1,0.45904506734691264,0.0,0.6770512252456158,0.0,0.7045944861145996,0.0,363176,112.18005645299996,mamba_ssm,1
METAWORLD_HF:mw-reach-wall,mgvt_mamba,3,1,0.5491484715583956,0.0,0.731704427960489,0.0,0.7269504593587989,0.0,363176,112.18005645299996,mamba_ssm,1
METAWORLD_HF:mw-reach-wall,mgvt_mamba,4,1,0.5920126254541205,0.0,0.7583259740742593,0.0,0.7329097331973937,0.0,363176,112.18005645299996,mamba_ssm,1
METAWORLD_HF:mw-reach-wall,mgvt_mamba,5,1,0.6122806221637878,0.0,0.7703953510433675,0.0,0.7377262004807449,0.0,363176,112.18005645299996,mamba_ssm,1
METAWORLD_HF:mw-reach-wall,mgvt_mamba,6,1,0.621691617140372,0.0,0.7767428003543053,0.0,0.7415155660607424,0.0,363176,112.18005645299996,mamba_ssm,1
PushT,AdaLN,1,1,0.34402667078005145,0.0,0.5804210018841338,0.0,0.9935987822383028,0.0,343480,264.8130691819999,,234
PushT,AdaLN,2,1,0.48045105492630524,0.0,0.6647027018875549,0.0,0.9948797261191256,0.0,343480,264.8130691819999,,234
PushT,AdaLN,3,1,0.5239101218895508,0.0,0.6863627055229613,0.0,0.9945868970239984,0.0,343480,264.8130691819999,,234
PushT,AdaLN,4,1,0.545758924310162,0.0,0.6981741358720497,0.0,0.9942879273114458,0.0,343480,264.8130691819999,,234
PushT,AdaLN,5,1,0.5573792555767689,0.0,0.7061716797599686,0.0,0.9939404457886774,0.0,343480,264.8130691819999,,234
PushT,AdaLN,6,1,0.5677956854215984,0.0,0.7128932240503316,0.0,0.9936110959239046,0.0,343480,264.8130691819999,,234
PushT,mgvt_convmixer,1,1,0.30582798127444444,0.0,0.5378925602749,0.0,0.9864159373674564,0.0,336279,95.22765580000011,,234
PushT,mgvt_convmixer,2,1,0.4596157013162532,0.0,0.6331034980625294,0.0,0.9912602472241973,0.0,336279,95.22765580000011,,234
PushT,mgvt_convmixer,3,1,0.5047544327160554,0.0,0.6606974136562664,0.0,0.9909606592027707,0.0,336279,95.22765580000011,,234
PushT,mgvt_convmixer,4,1,0.5302431928394216,0.0,0.6747757094977513,0.0,0.9895266932063089,0.0,336279,95.22765580000011,,234
PushT,mgvt_convmixer,5,1,0.5436068701891328,0.0,0.6836139178466327,0.0,0.9871789719775904,0.0,336279,95.22765580000011,,234
PushT,mgvt_convmixer,6,1,0.5570243986977961,0.0,0.6921626879254821,0.0,0.9840323926914765,0.0,336279,95.22765580000011,,234
PushT,mgvt_mamba,1,1,0.32787655487628364,0.0,0.5817332415889833,0.0,0.9968502186762643,0.0,362136,110.73869668600068,mamba_ssm,234
PushT,mgvt_mamba,2,1,0.48329461642141913,0.0,0.6692897455302045,0.0,0.9975148458184511,0.0,362136,110.73869668600068,mamba_ssm,234
PushT,mgvt_mamba,3,1,0.5260139234691219,0.0,0.6900926760210463,0.0,0.9972548301673463,0.0,362136,110.73869668600068,mamba_ssm,234
PushT,mgvt_mamba,4,1,0.5508506188585875,0.0,0.7022435130171266,0.0,0.9968588233814569,0.0,362136,110.73869668600068,mamba_ssm,234
PushT,mgvt_mamba,5,1,0.5649386349493422,0.0,0.7111462804362774,0.0,0.9964840694454631,0.0,362136,110.73869668600068,mamba_ssm,234
PushT,mgvt_mamba,6,1,0.5790885198523514,0.0,0.7200588120830844,0.0,0.996166688560144,0.0,362136,110.73869668600068,mamba_ssm,234
